105,Âm nhạc,2165
115,Bất động sản,2166
120,Hồ sơ vụ án,2167
131,Gương mặt trẻ nổi bật,2168
146,Làm đẹp,2169
111,Bên lề Thể thao,2170
102,Thế giới,2171
101,Xã hội,2172
144,Hài hước,2173
125,Game,2174
102,Thế giới,2175
137,Ẩm thực,2176
114,Chứng khoán,2177
101,Xã hội,2178
126,Khoa học,2179
109,Bóng đá,2180
112,Thị trường,2181
106,Điện ảnh,2182
115,Bất động sản,2183
145,Quizz - Tử vi,2184
143,Chuyện Lạ,2185
109,Bóng đá,2186
101,Xã hội,2187
109,Bóng đá,2188
138,Du lịch,2189
101,Xã hội,2190
125,Game,2191
106,Điện ảnh,2192
112,Thị trường,2193
102,Thế giới,2194
107,Showbiz Việt,2195
109,Bóng đá,2196
143,Chuyện Lạ,2197
109,Bóng đá,2198
141,Ô tô xe máy,2199
116,Thế giới doanh nhân,2200
145,Quizz - Tử vi,2201
102,Thế giới,2202
101,Xã hội,2203
108,Sao quốc tế,2204
101,Xã hội,2205
115,Bất động sản,2206
145,Quizz - Tử vi,2207
115,Bất động sản,2208
109,Bóng đá,2209
146,Làm đẹp,2210
141,Ô tô xe máy,2211
127,Lịch sử,2212
101,Xã hội,2213
112,Thị trường,2214
131,Gương mặt trẻ nổi bật,2215
114,Chứng khoán,2216
109,Bóng đá,2217
112,Thị trường,2218
101,Xã hội,2219
105,Âm nhạc,2220
114,Chứng khoán,2221
101,Xã hội,2222
137,Ẩm thực,2223
101,Xã hội,2224
109,Bóng đá,2225
102,Thế giới,2226
139,Nhà đẹp,2227
143,Chuyện Lạ,2228
119,An ninh trật tự,2229
136,Nuôi con,2230
139,Nhà đẹp,2231
126,Khoa học,2232
101,Xã hội,2233
143,Chuyện Lạ,2234
109,Bóng đá,2235
123,Thiết bị di động,2236
102,Thế giới,2237
143,Chuyện Lạ,2238
112,Thị trường,2239
109,Bóng đá,2240
103,Tình yêu,2241
101,Xã hội,2242
144,Hài hước,2243
111,Bên lề Thể thao,2244
129,Du học,2245
101,Xã hội,2246
139,Nhà đẹp,2247
129,Du học,2248
144,Hài hước,2249
143,Chuyện Lạ,2250
109,Bóng đá,2251
127,Lịch sử,2252
109,Bóng đá,2253
103,Tình yêu,2254
133,Các bệnh thường gặp,2255
143,Chuyện Lạ,2256
111,Bên lề Thể thao,2257
112,Thị trường,2258
109,Bóng đá,2259
145,Quizz - Tử vi,2260
117,Câu chuyện doanh nghiệp,2261
106,Điện ảnh,2262
126,Khoa học,2263
104,Nóng trên mạng,2264
145,Quizz - Tử vi,2265
143,Chuyện Lạ,2266
115,Bất động sản,2267
101,Xã hội,2268
139,Nhà đẹp,2269
123,Thiết bị di động,2270
102,Thế giới,2271
101,Xã hội,2272
146,Làm đẹp,2273
136,Nuôi con,2274
102,Thế giới,2275
105,Âm nhạc,2276
126,Khoa học,2277
121,Tư vấn luật,2278
101,Xã hội,2279
104,Nóng trên mạng,2280
146,Làm đẹp,2281
143,Chuyện Lạ,2282
102,Thế giới,2283
101,Xã hội,2284
119,An ninh trật tự,2285
119,An ninh trật tự,2286
102,Thế giới,2287
115,Bất động sản,2288
132,Dinh dưỡng,2289
133,Các bệnh thường gặp,2290
101,Xã hội,2291
113,Tài chính - ngân hàng,2292
112,Thị trường,2293
101,Xã hội,2294
143,Chuyện Lạ,2295
113,Tài chính - ngân hàng,2296
143,Chuyện Lạ,2297
131,Gương mặt trẻ nổi bật,2298
107,Showbiz Việt,2299
102,Thế giới,2300
101,Xã hội,2301
119,An ninh trật tự,2302
119,An ninh trật tự,2303
138,Du lịch,2304
113,Tài chính - ngân hàng,2305
109,Bóng đá,2306
107,Showbiz Việt,2307
146,Làm đẹp,2308
102,Thế giới,2309
109,Bóng đá,2310
112,Thị trường,2311
109,Bóng đá,2312
119,An ninh trật tự,2313
146,Làm đẹp,2314
142,Quân sự,2315
106,Điện ảnh,2316
103,Tình yêu,2317
114,Chứng khoán,2318
149,Tin thời trang,2319
111,Bên lề Thể thao,2320
109,Bóng đá,2321
107,Showbiz Việt,2322
123,Thiết bị di động,2323
113,Tài chính - ngân hàng,2324
125,Game,2325
134,Đột phá y học,2326
111,Bên lề Thể thao,2327
119,An ninh trật tự,2328
142,Quân sự,2329
143,Chuyện Lạ,2330
127,Lịch sử,2331
107,Showbiz Việt,2332
139,Nhà đẹp,2333
102,Thế giới,2334
115,Bất động sản,2335
143,Chuyện Lạ,2336
112,Thị trường,2337
141,Ô tô xe máy,2338
143,Chuyện Lạ,2339
101,Xã hội,2340
112,Thị trường,2341
111,Bên lề Thể thao,2342
131,Gương mặt trẻ nổi bật,2343
105,Âm nhạc,2344
122,PC/đồ chơi số,2345
115,Bất động sản,2346
102,Thế giới,2347
106,Điện ảnh,2348
101,Xã hội,2349
115,Bất động sản,2350
145,Quizz - Tử vi,2351
143,Chuyện Lạ,2352
109,Bóng đá,2353
101,Xã hội,2354
109,Bóng đá,2355
138,Du lịch,2356
101,Xã hội,2357
125,Game,2358
106,Điện ảnh,2359
112,Thị trường,2360
102,Thế giới,2361
107,Showbiz Việt,2362
109,Bóng đá,2363
143,Chuyện Lạ,2364
109,Bóng đá,2365
141,Ô tô xe máy,2366
116,Thế giới doanh nhân,2367
145,Quizz - Tử vi,2368
102,Thế giới,2369
101,Xã hội,2370
108,Sao quốc tế,2371
101,Xã hội,2372
115,Bất động sản,2373
145,Quizz - Tử vi,2374
115,Bất động sản,2375
109,Bóng đá,2376
146,Làm đẹp,2377
141,Ô tô xe máy,2378
127,Lịch sử,2379
101,Xã hội,2380
112,Thị trường,2381
131,Gương mặt trẻ nổi bật,2382
114,Chứng khoán,2383
138,Du lịch,2384
109,Bóng đá,2385
112,Thị trường,2386
136,Nuôi con,2387
101,Xã hội,2388
105,Âm nhạc,2389
114,Chứng khoán,2390
101,Xã hội,2391
137,Ẩm thực,2392
101,Xã hội,2393
109,Bóng đá,2394
102,Thế giới,2395
139,Nhà đẹp,2396
143,Chuyện Lạ,2397
119,An ninh trật tự,2398
136,Nuôi con,2399
139,Nhà đẹp,2400
126,Khoa học,2401
101,Xã hội,2402
142,Quân sự,2403
143,Chuyện Lạ,2404
109,Bóng đá,2405
123,Thiết bị di động,2406
102,Thế giới,2407
143,Chuyện Lạ,2408
112,Thị trường,2409
109,Bóng đá,2410
103,Tình yêu,2411
101,Xã hội,2412
144,Hài hước,2413
111,Bên lề Thể thao,2414
129,Du học,2415
101,Xã hội,2416
139,Nhà đẹp,2417
141,Ô tô xe máy,2418
129,Du học,2419
144,Hài hước,2420
143,Chuyện Lạ,2421
109,Bóng đá,2422
102,Thế giới,2423
127,Lịch sử,2424
109,Bóng đá,2425
103,Tình yêu,2426
133,Các bệnh thường gặp,2427
143,Chuyện Lạ,2428
107,Showbiz Việt,2429
111,Bên lề Thể thao,2430
112,Thị trường,2431
109,Bóng đá,2432
145,Quizz - Tử vi,2433
117,Câu chuyện doanh nghiệp,2434
106,Điện ảnh,2435
126,Khoa học,2436
104,Nóng trên mạng,2437
145,Quizz - Tử vi,2438
143,Chuyện Lạ,2439
115,Bất động sản,2440
101,Xã hội,2441
139,Nhà đẹp,2442
123,Thiết bị di động,2443
102,Thế giới,2444
101,Xã hội,2445
146,Làm đẹp,2446
136,Nuôi con,2447
102,Thế giới,2448
105,Âm nhạc,2449
107,Showbiz Việt,2450
126,Khoa học,2451
121,Tư vấn luật,2452
101,Xã hội,2453
104,Nóng trên mạng,2454
149,Tin thời trang,2455
146,Làm đẹp,2456
143,Chuyện Lạ,2457
102,Thế giới,2458
101,Xã hội,2459
119,An ninh trật tự,2460
119,An ninh trật tự,2461
102,Thế giới,2462
115,Bất động sản,2463
141,Ô tô xe máy,2464
132,Dinh dưỡng,2465
133,Các bệnh thường gặp,2466
101,Xã hội,2467
113,Tài chính - ngân hàng,2468
112,Thị trường,2469
101,Xã hội,2470
143,Chuyện Lạ,2471
113,Tài chính - ngân hàng,2472
143,Chuyện Lạ,2473
131,Gương mặt trẻ nổi bật,2474
107,Showbiz Việt,2475
102,Thế giới,2476
101,Xã hội,2477
119,An ninh trật tự,2478
119,An ninh trật tự,2479
138,Du lịch,2480
113,Tài chính - ngân hàng,2481
109,Bóng đá,2482
107,Showbiz Việt,2483
146,Làm đẹp,2484
102,Thế giới,2485
109,Bóng đá,2486
101,Xã hội,2487
112,Thị trường,2488
109,Bóng đá,2489
119,An ninh trật tự,2490
146,Làm đẹp,2491
142,Quân sự,2492
106,Điện ảnh,2493
103,Tình yêu,2494
114,Chứng khoán,2495
149,Tin thời trang,2496
111,Bên lề Thể thao,2497
109,Bóng đá,2498
107,Showbiz Việt,2499
123,Thiết bị di động,2500
113,Tài chính - ngân hàng,2501
125,Game,2502
134,Đột phá y học,2503
111,Bên lề Thể thao,2504
119,An ninh trật tự,2505
142,Quân sự,2506
143,Chuyện Lạ,2507
127,Lịch sử,2508
107,Showbiz Việt,2509
139,Nhà đẹp,2510
102,Thế giới,2511
115,Bất động sản,2512
143,Chuyện Lạ,2513
112,Thị trường,2514
141,Ô tô xe máy,2515
143,Chuyện Lạ,2516
101,Xã hội,2517
112,Thị trường,2518
111,Bên lề Thể thao,2519
131,Gương mặt trẻ nổi bật,2520
105,Âm nhạc,2521
122,PC/đồ chơi số,2522
115,Bất động sản,2523
102,Thế giới,2524
106,Điện ảnh,2525
101,Xã hội,2526
101,Xã hội,2527
113,Tài chính - ngân hàng,2528
115,Bất động sản,2529
115,Bất động sản,2530
117,Câu chuyện doanh nghiệp,2531
125,Game,2532
138,Du lịch,2533
148,Mặc đẹp,2534
139,Nhà đẹp,2535
149,Tin thời trang,2536
102,Thế giới,2537
113,Tài chính - ngân hàng,2538
102,Thế giới,2539
112,Thị trường,2540
105,Âm nhạc,2541
101,Xã hội,2542
112,Thị trường,2543
143,Chuyện Lạ,2544
133,Các bệnh thường gặp,2545
143,Chuyện Lạ,2546
112,Thị trường,2547
144,Hài hước,2548
119,An ninh trật tự,2549
102,Thế giới,2550
143,Chuyện Lạ,2551
143,Chuyện Lạ,2552
123,Thiết bị di động,2553
107,Showbiz Việt,2554
141,Ô tô xe máy,2555
118,Hình sự,2556
105,Âm nhạc,2557
109,Bóng đá,2558
111,Bên lề Thể thao,2559
101,Xã hội,2560
102,Thế giới,2561
145,Quizz - Tử vi,2562
117,Câu chuyện doanh nghiệp,2563
107,Showbiz Việt,2564
106,Điện ảnh,2565
115,Bất động sản,2566
112,Thị trường,2567
141,Ô tô xe máy,2568
101,Xã hội,2569
115,Bất động sản,2570
111,Bên lề Thể thao,2571
119,An ninh trật tự,2572
143,Chuyện Lạ,2573
103,Tình yêu,2574
102,Thế giới,2575
136,Nuôi con,2576
104,Nóng trên mạng,2577
108,Sao quốc tế,2578
109,Bóng đá,2579
102,Thế giới,2580
122,PC/đồ chơi số,2581
107,Showbiz Việt,2582
143,Chuyện Lạ,2583
107,Showbiz Việt,2584
102,Thế giới,2585
101,Xã hội,2586
101,Xã hội,2587
143,Chuyện Lạ,2588
109,Bóng đá,2589
107,Showbiz Việt,2590
125,Game,2591
107,Showbiz Việt,2592
102,Thế giới,2593
113,Tài chính - ngân hàng,2594
101,Xã hội,2595
101,Xã hội,2596
101,Xã hội,2597
143,Chuyện Lạ,2598
115,Bất động sản,2599
143,Chuyện Lạ,2600
142,Quân sự,2601
101,Xã hội,2602
107,Showbiz Việt,2603
107,Showbiz Việt,2604
138,Du lịch,2605
101,Xã hội,2606
113,Tài chính - ngân hàng,2607
133,Các bệnh thường gặp,2608
111,Bên lề Thể thao,2609
118,Hình sự,2610
138,Du lịch,2611
109,Bóng đá,2612
146,Làm đẹp,2613
103,Tình yêu,2614
103,Tình yêu,2615
109,Bóng đá,2616
115,Bất động sản,2617
133,Các bệnh thường gặp,2618
109,Bóng đá,2619
129,Du học,2620
125,Game,2621
102,Thế giới,2622
146,Làm đẹp,2623
117,Câu chuyện doanh nghiệp,2624
109,Bóng đá,2625
125,Game,2626
102,Thế giới,2627
139,Nhà đẹp,2628
143,Chuyện Lạ,2629
119,An ninh trật tự,2630
136,Nuôi con,2631
139,Nhà đẹp,2632
126,Khoa học,2633
101,Xã hội,2634
142,Quân sự,2635
104,Nóng trên mạng,2636
143,Chuyện Lạ,2637
109,Bóng đá,2638
123,Thiết bị di động,2639
142,Quân sự,2640
102,Thế giới,2641
143,Chuyện Lạ,2642
112,Thị trường,2643
109,Bóng đá,2644
109,Bóng đá,2645
103,Tình yêu,2646
101,Xã hội,2647
144,Hài hước,2648
111,Bên lề Thể thao,2649
129,Du học,2650
101,Xã hội,2651
115,Bất động sản,2652
139,Nhà đẹp,2653
137,Ẩm thực,2654
141,Ô tô xe máy,2655
119,An ninh trật tự,2656
129,Du học,2657
144,Hài hước,2658
143,Chuyện Lạ,2659
143,Chuyện Lạ,2660
109,Bóng đá,2661
111,Bên lề Thể thao,2662
102,Thế giới,2663
127,Lịch sử,2664
109,Bóng đá,2665
103,Tình yêu,2666
133,Các bệnh thường gặp,2667
143,Chuyện Lạ,2668
107,Showbiz Việt,2669
142,Quân sự,2670
111,Bên lề Thể thao,2671
112,Thị trường,2672
109,Bóng đá,2673
145,Quizz - Tử vi,2674
117,Câu chuyện doanh nghiệp,2675
106,Điện ảnh,2676
126,Khoa học,2677
104,Nóng trên mạng,2678
145,Quizz - Tử vi,2679
143,Chuyện Lạ,2680
115,Bất động sản,2681
101,Xã hội,2682
139,Nhà đẹp,2683
123,Thiết bị di động,2684
102,Thế giới,2685
101,Xã hội,2686
146,Làm đẹp,2687
136,Nuôi con,2688
102,Thế giới,2689
105,Âm nhạc,2690
107,Showbiz Việt,2691
126,Khoa học,2692
121,Tư vấn luật,2693
101,Xã hội,2694
104,Nóng trên mạng,2695
149,Tin thời trang,2696
107,Showbiz Việt,2697
146,Làm đẹp,2698
143,Chuyện Lạ,2699
141,Ô tô xe máy,2700
102,Thế giới,2701
101,Xã hội,2702
119,An ninh trật tự,2703
119,An ninh trật tự,2704
129,Du học,2705
102,Thế giới,2706
115,Bất động sản,2707
141,Ô tô xe máy,2708
145,Quizz - Tử vi,2709
132,Dinh dưỡng,2710
133,Các bệnh thường gặp,2711
101,Xã hội,2712
113,Tài chính - ngân hàng,2713
112,Thị trường,2714
101,Xã hội,2715
143,Chuyện Lạ,2716
113,Tài chính - ngân hàng,2717
143,Chuyện Lạ,2718
131,Gương mặt trẻ nổi bật,2719
107,Showbiz Việt,2720
102,Thế giới,2721
101,Xã hội,2722
119,An ninh trật tự,2723
119,An ninh trật tự,2724
138,Du lịch,2725
113,Tài chính - ngân hàng,2726
109,Bóng đá,2727
107,Showbiz Việt,2728
146,Làm đẹp,2729
101,Xã hội,2730
104,Nóng trên mạng,2731
102,Thế giới,2732
109,Bóng đá,2733
101,Xã hội,2734
112,Thị trường,2735
109,Bóng đá,2736
119,An ninh trật tự,2737
146,Làm đẹp,2738
142,Quân sự,2739
106,Điện ảnh,2740
103,Tình yêu,2741
114,Chứng khoán,2742
143,Chuyện Lạ,2743
149,Tin thời trang,2744
111,Bên lề Thể thao,2745
109,Bóng đá,2746
107,Showbiz Việt,2747
123,Thiết bị di động,2748
113,Tài chính - ngân hàng,2749
107,Showbiz Việt,2750
125,Game,2751
134,Đột phá y học,2752
111,Bên lề Thể thao,2753
119,An ninh trật tự,2754
142,Quân sự,2755
143,Chuyện Lạ,2756
127,Lịch sử,2757
139,Nhà đẹp,2758
107,Showbiz Việt,2759
139,Nhà đẹp,2760
102,Thế giới,2761
115,Bất động sản,2762
143,Chuyện Lạ,2763
112,Thị trường,2764
141,Ô tô xe máy,2765
133,Các bệnh thường gặp,2766
111,Bên lề Thể thao,2767
143,Chuyện Lạ,2768
115,Bất động sản,2769
101,Xã hội,2770
112,Thị trường,2771
111,Bên lề Thể thao,2772
131,Gương mặt trẻ nổi bật,2773
124,Viễn thông - internet,2774
105,Âm nhạc,2775
143,Chuyện Lạ,2776
122,PC/đồ chơi số,2777
119,An ninh trật tự,2778
115,Bất động sản,2779
102,Thế giới,2780
106,Điện ảnh,2781
101,Xã hội,2782
101,Xã hội,2783
113,Tài chính - ngân hàng,2784
115,Bất động sản,2785
115,Bất động sản,2786
117,Câu chuyện doanh nghiệp,2787
125,Game,2788
138,Du lịch,2789
148,Mặc đẹp,2790
139,Nhà đẹp,2791
149,Tin thời trang,2792
102,Thế giới,2793
113,Tài chính - ngân hàng,2794
102,Thế giới,2795
112,Thị trường,2796
119,An ninh trật tự,2797
105,Âm nhạc,2798
101,Xã hội,2799
112,Thị trường,2800
119,An ninh trật tự,2801
143,Chuyện Lạ,2802
133,Các bệnh thường gặp,2803
143,Chuyện Lạ,2804
112,Thị trường,2805
144,Hài hước,2806
119,An ninh trật tự,2807
102,Thế giới,2808
143,Chuyện Lạ,2809
143,Chuyện Lạ,2810
123,Thiết bị di động,2811
107,Showbiz Việt,2812
141,Ô tô xe máy,2813
118,Hình sự,2814
105,Âm nhạc,2815
109,Bóng đá,2816
111,Bên lề Thể thao,2817
101,Xã hội,2818
102,Thế giới,2819
145,Quizz - Tử vi,2820
117,Câu chuyện doanh nghiệp,2821
107,Showbiz Việt,2822
106,Điện ảnh,2823
115,Bất động sản,2824
112,Thị trường,2825
141,Ô tô xe máy,2826
102,Thế giới,2827
101,Xã hội,2828
115,Bất động sản,2829
111,Bên lề Thể thao,2830
119,An ninh trật tự,2831
143,Chuyện Lạ,2832
103,Tình yêu,2833
102,Thế giới,2834
136,Nuôi con,2835
104,Nóng trên mạng,2836
108,Sao quốc tế,2837
109,Bóng đá,2838
102,Thế giới,2839
122,PC/đồ chơi số,2840
107,Showbiz Việt,2841
143,Chuyện Lạ,2842
107,Showbiz Việt,2843
102,Thế giới,2844
132,Dinh dưỡng,2845
101,Xã hội,2846
114,Chứng khoán,2847
101,Xã hội,2848
143,Chuyện Lạ,2849
109,Bóng đá,2850
107,Showbiz Việt,2851
125,Game,2852
136,Nuôi con,2853
107,Showbiz Việt,2854
102,Thế giới,2855
113,Tài chính - ngân hàng,2856
101,Xã hội,2857
101,Xã hội,2858
101,Xã hội,2859
143,Chuyện Lạ,2860
115,Bất động sản,2861
143,Chuyện Lạ,2862
142,Quân sự,2863
101,Xã hội,2864
107,Showbiz Việt,2865
107,Showbiz Việt,2866
138,Du lịch,2867
101,Xã hội,2868
113,Tài chính - ngân hàng,2869
133,Các bệnh thường gặp,2870
111,Bên lề Thể thao,2871
118,Hình sự,2872
138,Du lịch,2873
109,Bóng đá,2874
146,Làm đẹp,2875
103,Tình yêu,2876
103,Tình yêu,2877
129,Du học,2878
109,Bóng đá,2879
115,Bất động sản,2880
133,Các bệnh thường gặp,2881
109,Bóng đá,2882
129,Du học,2883
125,Game,2884
102,Thế giới,2885
146,Làm đẹp,2886
117,Câu chuyện doanh nghiệp,2887
