101,Xã hội,1760
102,Thế giới,1761
119,An ninh trật tự,1762
143,Chuyện Lạ,1763
101,Xã hội,1764
102,Thế giới,1765
109,Bóng đá,1766
101,Xã hội,1767
145,Quizz - Tử vi,1768
141,Ô tô xe máy,1769
129,Du học,1770
143,Chuyện Lạ,1771
143,Chuyện Lạ,1772
101,Xã hội,1773
102,Thế giới,1774
102,Thế giới,1775
143,Chuyện Lạ,1776
145,Quizz - Tử vi,1777
107,Showbiz Việt,1778
101,Xã hội,1779
137,Ẩm thực,1780
146,Làm đẹp,1781
138,Du lịch,1782
109,Bóng đá,1783
102,Thế giới,1784
119,An ninh trật tự,1785
101,Xã hội,1786
101,Xã hội,1787
145,Quizz - Tử vi,1788
126,Khoa học,1789
126,Khoa học,1790
124,Viễn thông - internet,1791
101,Xã hội,1792
109,Bóng đá,1793
109,Bóng đá,1794
101,Xã hội,1795
113,Tài chính - ngân hàng,1796
113,Tài chính - ngân hàng,1797
101,Xã hội,1798
145,Quizz - Tử vi,1799
105,Âm nhạc,1800
141,Ô tô xe máy,1801
133,Các bệnh thường gặp,1802
143,Chuyện Lạ,1803
119,An ninh trật tự,1804
141,Ô tô xe máy,1805
120,Hồ sơ vụ án,1806
105,Âm nhạc,1807
143,Chuyện Lạ,1808
103,Tình yêu,1809
124,Viễn thông - internet,1810
106,Điện ảnh,1811
125,Game,1812
112,Thị trường,1813
101,Xã hội,1814
101,Xã hội,1815
115,Bất động sản,1816
127,Lịch sử,1817
102,Thế giới,1818
146,Làm đẹp,1819
135,Rèn luyện thể chất,1820
141,Ô tô xe máy,1821
115,Bất động sản,1822
143,Chuyện Lạ,1823
125,Game,1824
146,Làm đẹp,1825
149,Tin thời trang,1826
101,Xã hội,1827
143,Chuyện Lạ,1828
107,Showbiz Việt,1829
115,Bất động sản,1830
146,Làm đẹp,1831
112,Thị trường,1832
101,Xã hội,1833
111,Bên lề Thể thao,1834
101,Xã hội,1835
101,Xã hội,1836
102,Thế giới,1837
102,Thế giới,1838
105,Âm nhạc,1839
142,Quân sự,1840
126,Khoa học,1841
125,Game,1842
112,Thị trường,1843
126,Khoa học,1844
123,Thiết bị di động,1845
105,Âm nhạc,1846
115,Bất động sản,1847
120,Hồ sơ vụ án,1848
131,Gương mặt trẻ nổi bật,1849
146,Làm đẹp,1850
111,Bên lề Thể thao,1851
144,Hài hước,1852
125,Game,1853
102,Thế giới,1854
137,Ẩm thực,1855
101,Xã hội,1856
126,Khoa học,1857
109,Bóng đá,1858
112,Thị trường,1859
106,Điện ảnh,1860
115,Bất động sản,1861
145,Quizz - Tử vi,1862
143,Chuyện Lạ,1863
109,Bóng đá,1864
101,Xã hội,1865
109,Bóng đá,1866
138,Du lịch,1867
101,Xã hội,1868
125,Game,1869
106,Điện ảnh,1870
112,Thị trường,1871
102,Thế giới,1872
107,Showbiz Việt,1873
109,Bóng đá,1874
143,Chuyện Lạ,1875
109,Bóng đá,1876
141,Ô tô xe máy,1877
116,Thế giới doanh nhân,1878
145,Quizz - Tử vi,1879
102,Thế giới,1880
108,Sao quốc tế,1881
101,Xã hội,1882
115,Bất động sản,1883
145,Quizz - Tử vi,1884
115,Bất động sản,1885
109,Bóng đá,1886
146,Làm đẹp,1887
141,Ô tô xe máy,1888
127,Lịch sử,1889
101,Xã hội,1890
112,Thị trường,1891
131,Gương mặt trẻ nổi bật,1892
114,Chứng khoán,1893
112,Thị trường,1894
101,Xã hội,1895
105,Âm nhạc,1896
101,Xã hội,1897
137,Ẩm thực,1898
102,Thế giới,1899
139,Nhà đẹp,1900
143,Chuyện Lạ,1901
139,Nhà đẹp,1902
126,Khoa học,1903
101,Xã hội,1904
143,Chuyện Lạ,1905
109,Bóng đá,1906
123,Thiết bị di động,1907
102,Thế giới,1908
143,Chuyện Lạ,1909
112,Thị trường,1910
109,Bóng đá,1911
103,Tình yêu,1912
101,Xã hội,1913
144,Hài hước,1914
111,Bên lề Thể thao,1915
129,Du học,1916
101,Xã hội,1917
139,Nhà đẹp,1918
129,Du học,1919
144,Hài hước,1920
143,Chuyện Lạ,1921
109,Bóng đá,1922
127,Lịch sử,1923
109,Bóng đá,1924
143,Chuyện Lạ,1925
111,Bên lề Thể thao,1926
109,Bóng đá,1927
145,Quizz - Tử vi,1928
117,Câu chuyện doanh nghiệp,1929
106,Điện ảnh,1930
126,Khoa học,1931
104,Nóng trên mạng,1932
145,Quizz - Tử vi,1933
143,Chuyện Lạ,1934
115,Bất động sản,1935
101,Xã hội,1936
123,Thiết bị di động,1937
102,Thế giới,1938
101,Xã hội,1939
146,Làm đẹp,1940
136,Nuôi con,1941
102,Thế giới,1942
105,Âm nhạc,1943
126,Khoa học,1944
121,Tư vấn luật,1945
101,Xã hội,1946
104,Nóng trên mạng,1947
146,Làm đẹp,1948
143,Chuyện Lạ,1949
102,Thế giới,1950
119,An ninh trật tự,1951
102,Thế giới,1952
115,Bất động sản,1953
133,Các bệnh thường gặp,1954
101,Xã hội,1955
113,Tài chính - ngân hàng,1956
112,Thị trường,1957
101,Xã hội,1958
143,Chuyện Lạ,1959
143,Chuyện Lạ,1960
131,Gương mặt trẻ nổi bật,1961
107,Showbiz Việt,1962
102,Thế giới,1963
101,Xã hội,1964
119,An ninh trật tự,1965
119,An ninh trật tự,1966
113,Tài chính - ngân hàng,1967
109,Bóng đá,1968
107,Showbiz Việt,1969
102,Thế giới,1970
109,Bóng đá,1971
112,Thị trường,1972
109,Bóng đá,1973
119,An ninh trật tự,1974
146,Làm đẹp,1975
142,Quân sự,1976
114,Chứng khoán,1977
149,Tin thời trang,1978
109,Bóng đá,1979
107,Showbiz Việt,1980
123,Thiết bị di động,1981
113,Tài chính - ngân hàng,1982
125,Game,1983
134,Đột phá y học,1984
119,An ninh trật tự,1985
143,Chuyện Lạ,1986
107,Showbiz Việt,1987
139,Nhà đẹp,1988
115,Bất động sản,1989
143,Chuyện Lạ,1990
112,Thị trường,1991
141,Ô tô xe máy,1992
143,Chuyện Lạ,1993
101,Xã hội,1994
112,Thị trường,1995
111,Bên lề Thể thao,1996
122,PC/đồ chơi số,1997
115,Bất động sản,1998
102,Thế giới,1999
106,Điện ảnh,2000
101,Xã hội,2001
101,Xã hội,2002
115,Bất động sản,2003
117,Câu chuyện doanh nghiệp,2004
125,Game,2005
138,Du lịch,2006
148,Mặc đẹp,2007
149,Tin thời trang,2008
102,Thế giới,2009
113,Tài chính - ngân hàng,2010
102,Thế giới,2011
112,Thị trường,2012
105,Âm nhạc,2013
101,Xã hội,2014
112,Thị trường,2015
143,Chuyện Lạ,2016
133,Các bệnh thường gặp,2017
143,Chuyện Lạ,2018
112,Thị trường,2019
144,Hài hước,2020
119,An ninh trật tự,2021
143,Chuyện Lạ,2022
123,Thiết bị di động,2023
107,Showbiz Việt,2024
141,Ô tô xe máy,2025
118,Hình sự,2026
105,Âm nhạc,2027
109,Bóng đá,2028
111,Bên lề Thể thao,2029
101,Xã hội,2030
145,Quizz - Tử vi,2031
117,Câu chuyện doanh nghiệp,2032
115,Bất động sản,2033
112,Thị trường,2034
141,Ô tô xe máy,2035
101,Xã hội,2036
115,Bất động sản,2037
111,Bên lề Thể thao,2038
119,An ninh trật tự,2039
103,Tình yêu,2040
136,Nuôi con,2041
104,Nóng trên mạng,2042
108,Sao quốc tế,2043
109,Bóng đá,2044
107,Showbiz Việt,2045
107,Showbiz Việt,2046
102,Thế giới,2047
101,Xã hội,2048
101,Xã hội,2049
143,Chuyện Lạ,2050
109,Bóng đá,2051
107,Showbiz Việt,2052
125,Game,2053
107,Showbiz Việt,2054
102,Thế giới,2055
113,Tài chính - ngân hàng,2056
101,Xã hội,2057
101,Xã hội,2058
101,Xã hội,2059
143,Chuyện Lạ,2060
115,Bất động sản,2061
143,Chuyện Lạ,2062
142,Quân sự,2063
101,Xã hội,2064
107,Showbiz Việt,2065
138,Du lịch,2066
101,Xã hội,2067
133,Các bệnh thường gặp,2068
111,Bên lề Thể thao,2069
118,Hình sự,2070
138,Du lịch,2071
146,Làm đẹp,2072
103,Tình yêu,2073
103,Tình yêu,2074
115,Bất động sản,2075
109,Bóng đá,2076
129,Du học,2077
125,Game,2078
102,Thế giới,2079
117,Câu chuyện doanh nghiệp,2080
143,Chuyện Lạ,2081
145,Quizz - Tử vi,2082
119,An ninh trật tự,2083
107,Showbiz Việt,2084
101,Xã hội,2085
137,Ẩm thực,2086
146,Làm đẹp,2087
101,Xã hội,2088
138,Du lịch,2089
109,Bóng đá,2090
102,Thế giới,2091
102,Thế giới,2092
119,An ninh trật tự,2093
101,Xã hội,2094
101,Xã hội,2095
145,Quizz - Tử vi,2096
126,Khoa học,2097
126,Khoa học,2098
124,Viễn thông - internet,2099
101,Xã hội,2100
109,Bóng đá,2101
109,Bóng đá,2102
109,Bóng đá,2103
123,Thiết bị di động,2104
101,Xã hội,2105
113,Tài chính - ngân hàng,2106
113,Tài chính - ngân hàng,2107
101,Xã hội,2108
145,Quizz - Tử vi,2109
105,Âm nhạc,2110
141,Ô tô xe máy,2111
133,Các bệnh thường gặp,2112
143,Chuyện Lạ,2113
119,An ninh trật tự,2114
101,Xã hội,2115
113,Tài chính - ngân hàng,2116
141,Ô tô xe máy,2117
120,Hồ sơ vụ án,2118
105,Âm nhạc,2119
143,Chuyện Lạ,2120
103,Tình yêu,2121
124,Viễn thông - internet,2122
106,Điện ảnh,2123
125,Game,2124
112,Thị trường,2125
101,Xã hội,2126
101,Xã hội,2127
115,Bất động sản,2128
127,Lịch sử,2129
102,Thế giới,2130
146,Làm đẹp,2131
135,Rèn luyện thể chất,2132
141,Ô tô xe máy,2133
102,Thế giới,2134
115,Bất động sản,2135
143,Chuyện Lạ,2136
125,Game,2137
141,Ô tô xe máy,2138
146,Làm đẹp,2139
149,Tin thời trang,2140
101,Xã hội,2141
143,Chuyện Lạ,2142
124,Viễn thông - internet,2143
141,Ô tô xe máy,2144
107,Showbiz Việt,2145
115,Bất động sản,2146
146,Làm đẹp,2147
112,Thị trường,2148
101,Xã hội,2149
101,Xã hội,2150
111,Bên lề Thể thao,2151
101,Xã hội,2152
132,Dinh dưỡng,2153
101,Xã hội,2154
102,Thế giới,2155
102,Thế giới,2156
105,Âm nhạc,2157
142,Quân sự,2158
126,Khoa học,2159
123,Thiết bị di động,2160
125,Game,2161
112,Thị trường,2162
126,Khoa học,2163
123,Thiết bị di động,2164
105,Âm nhạc,2165
115,Bất động sản,2166
120,Hồ sơ vụ án,2167
131,Gương mặt trẻ nổi bật,2168
146,Làm đẹp,2169
111,Bên lề Thể thao,2170
102,Thế giới,2171
101,Xã hội,2172
144,Hài hước,2173
125,Game,2174
102,Thế giới,2175
137,Ẩm thực,2176
114,Chứng khoán,2177
101,Xã hội,2178
126,Khoa học,2179
109,Bóng đá,2180
112,Thị trường,2181
106,Điện ảnh,2182
115,Bất động sản,2183
145,Quizz - Tử vi,2184
143,Chuyện Lạ,2185
109,Bóng đá,2186
101,Xã hội,2187
109,Bóng đá,2188
138,Du lịch,2189
101,Xã hội,2190
125,Game,2191
106,Điện ảnh,2192
112,Thị trường,2193
102,Thế giới,2194
107,Showbiz Việt,2195
109,Bóng đá,2196
143,Chuyện Lạ,2197
109,Bóng đá,2198
141,Ô tô xe máy,2199
116,Thế giới doanh nhân,2200
145,Quizz - Tử vi,2201
102,Thế giới,2202
101,Xã hội,2203
108,Sao quốc tế,2204
101,Xã hội,2205
115,Bất động sản,2206
145,Quizz - Tử vi,2207
115,Bất động sản,2208
109,Bóng đá,2209
146,Làm đẹp,2210
141,Ô tô xe máy,2211
127,Lịch sử,2212
101,Xã hội,2213
112,Thị trường,2214
131,Gương mặt trẻ nổi bật,2215
114,Chứng khoán,2216
109,Bóng đá,2217
112,Thị trường,2218
101,Xã hội,2219
105,Âm nhạc,2220
114,Chứng khoán,2221
101,Xã hội,2222
137,Ẩm thực,2223
101,Xã hội,2224
109,Bóng đá,2225
102,Thế giới,2226
139,Nhà đẹp,2227
143,Chuyện Lạ,2228
119,An ninh trật tự,2229
136,Nuôi con,2230
139,Nhà đẹp,2231
126,Khoa học,2232
101,Xã hội,2233
143,Chuyện Lạ,2234
109,Bóng đá,2235
123,Thiết bị di động,2236
102,Thế giới,2237
143,Chuyện Lạ,2238
112,Thị trường,2239
109,Bóng đá,2240
103,Tình yêu,2241
101,Xã hội,2242
144,Hài hước,2243
111,Bên lề Thể thao,2244
129,Du học,2245
101,Xã hội,2246
139,Nhà đẹp,2247
129,Du học,2248
144,Hài hước,2249
143,Chuyện Lạ,2250
109,Bóng đá,2251
127,Lịch sử,2252
109,Bóng đá,2253
103,Tình yêu,2254
133,Các bệnh thường gặp,2255
143,Chuyện Lạ,2256
111,Bên lề Thể thao,2257
112,Thị trường,2258
109,Bóng đá,2259
145,Quizz - Tử vi,2260
117,Câu chuyện doanh nghiệp,2261
106,Điện ảnh,2262
126,Khoa học,2263
104,Nóng trên mạng,2264
145,Quizz - Tử vi,2265
143,Chuyện Lạ,2266
115,Bất động sản,2267
101,Xã hội,2268
139,Nhà đẹp,2269
123,Thiết bị di động,2270
102,Thế giới,2271
101,Xã hội,2272
146,Làm đẹp,2273
136,Nuôi con,2274
102,Thế giới,2275
105,Âm nhạc,2276
126,Khoa học,2277
121,Tư vấn luật,2278
101,Xã hội,2279
104,Nóng trên mạng,2280
146,Làm đẹp,2281
143,Chuyện Lạ,2282
102,Thế giới,2283
101,Xã hội,2284
119,An ninh trật tự,2285
119,An ninh trật tự,2286
102,Thế giới,2287
115,Bất động sản,2288
132,Dinh dưỡng,2289
133,Các bệnh thường gặp,2290
101,Xã hội,2291
113,Tài chính - ngân hàng,2292
112,Thị trường,2293
101,Xã hội,2294
143,Chuyện Lạ,2295
113,Tài chính - ngân hàng,2296
143,Chuyện Lạ,2297
131,Gương mặt trẻ nổi bật,2298
107,Showbiz Việt,2299
102,Thế giới,2300
101,Xã hội,2301
119,An ninh trật tự,2302
119,An ninh trật tự,2303
138,Du lịch,2304
113,Tài chính - ngân hàng,2305
109,Bóng đá,2306
107,Showbiz Việt,2307
146,Làm đẹp,2308
102,Thế giới,2309
109,Bóng đá,2310
112,Thị trường,2311
109,Bóng đá,2312
119,An ninh trật tự,2313
146,Làm đẹp,2314
142,Quân sự,2315
106,Điện ảnh,2316
103,Tình yêu,2317
114,Chứng khoán,2318
149,Tin thời trang,2319
111,Bên lề Thể thao,2320
109,Bóng đá,2321
107,Showbiz Việt,2322
123,Thiết bị di động,2323
113,Tài chính - ngân hàng,2324
125,Game,2325
134,Đột phá y học,2326
111,Bên lề Thể thao,2327
119,An ninh trật tự,2328
142,Quân sự,2329
143,Chuyện Lạ,2330
127,Lịch sử,2331
107,Showbiz Việt,2332
139,Nhà đẹp,2333
102,Thế giới,2334
115,Bất động sản,2335
143,Chuyện Lạ,2336
112,Thị trường,2337
141,Ô tô xe máy,2338
143,Chuyện Lạ,2339
101,Xã hội,2340
112,Thị trường,2341
111,Bên lề Thể thao,2342
131,Gương mặt trẻ nổi bật,2343
105,Âm nhạc,2344
122,PC/đồ chơi số,2345
115,Bất động sản,2346
102,Thế giới,2347
106,Điện ảnh,2348
101,Xã hội,2349
