102,Thế giới,359
111,Bên lề Thể thao,360
142,Quân sự,361
101,Xã hội,362
101,Xã hội,363
112,Thị trường,364
101,Xã hội,365
145,Quizz - Tử vi,366
141,Ô tô xe máy,367
111,Bên lề Thể thao,368
101,Xã hội,369
105,Âm nhạc,370
143,Chuyện Lạ,371
101,Xã hội,372
101,Xã hội,373
141,Ô tô xe máy,374
109,Bóng đá,375
102,Thế giới,376
102,Thế giới,377
136,Nuôi con,378
106,Điện ảnh,379
102,Thế giới,380
148,Mặc đẹp,381
102,Thế giới,382
142,Quân sự,383
113,Tài chính - ngân hàng,384
145,Quizz - Tử vi,385
139,Nhà đẹp,386
114,Chứng khoán,387
117,Câu chuyện doanh nghiệp,388
102,Thế giới,389
113,Tài chính - ngân hàng,390
109,Bóng đá,391
106,Điện ảnh,392
116,Thế giới doanh nhân,393
109,Bóng đá,394
109,Bóng đá,395
107,Showbiz Việt,396
146,Làm đẹp,397
131,Gương mặt trẻ nổi bật,398
143,Chuyện Lạ,399
143,Chuyện Lạ,400
143,Chuyện Lạ,401
112,Thị trường,402
141,Ô tô xe máy,403
132,Dinh dưỡng,404
120,Hồ sơ vụ án,405
101,Xã hội,406
101,Xã hội,407
143,Chuyện Lạ,408
101,Xã hội,409
131,Gương mặt trẻ nổi bật,410
132,Dinh dưỡng,411
109,Bóng đá,412
109,Bóng đá,413
111,Bên lề Thể thao,414
102,Thế giới,415
101,Xã hội,416
102,Thế giới,417
143,Chuyện Lạ,418
143,Chuyện Lạ,419
105,Âm nhạc,420
109,Bóng đá,421
144,Hài hước,422
114,Chứng khoán,423
113,Tài chính - ngân hàng,424
105,Âm nhạc,425
131,Gương mặt trẻ nổi bật,426
125,Game,427
102,Thế giới,428
101,Xã hội,429
145,Quizz - Tử vi,430
107,Showbiz Việt,431
109,Bóng đá,432
136,Nuôi con,433
101,Xã hội,434
143,Chuyện Lạ,435
106,Điện ảnh,436
101,Xã hội,437
115,Bất động sản,438
141,Ô tô xe máy,439
101,Xã hội,440
133,Các bệnh thường gặp,441
142,Quân sự,442
144,Hài hước,443
138,Du lịch,444
125,Game,445
110,Quần Vợt,446
129,Du học,447
123,Thiết bị di động,448
145,Quizz - Tử vi,449
101,Xã hội,450
109,Bóng đá,451
126,Khoa học,452
139,Nhà đẹp,453
144,Hài hước,454
138,Du lịch,455
102,Thế giới,456
109,Bóng đá,457
111,Bên lề Thể thao,458
101,Xã hội,459
101,Xã hội,460
102,Thế giới,461
138,Du lịch,462
113,Tài chính - ngân hàng,463
112,Thị trường,464
112,Thị trường,465
109,Bóng đá,466
114,Chứng khoán,467
101,Xã hội,468
102,Thế giới,469
112,Thị trường,470
109,Bóng đá,471
123,Thiết bị di động,472
109,Bóng đá,473
107,Showbiz Việt,474
146,Làm đẹp,475
101,Xã hội,476
102,Thế giới,477
131,Gương mặt trẻ nổi bật,478
