115,Bất động sản,855
109,Bóng đá,856
101,Xã hội,857
119,An ninh trật tự,858
109,Bóng đá,859
109,Bóng đá,860
107,Showbiz Việt,861
112,Thị trường,862
118,Hình sự,863
149,Tin thời trang,864
105,Âm nhạc,865
111,Bên lề Thể thao,866
120,Hồ sơ vụ án,867
146,Làm đẹp,868
111,Bên lề Thể thao,869
101,Xã hội,870
145,Quizz - Tử vi,871
145,Quizz - Tử vi,872
106,Điện ảnh,873
112,Thị trường,874
145,Quizz - Tử vi,875
101,Xã hội,876
123,Thiết bị di động,877
115,Bất động sản,878
113,Tài chính - ngân hàng,879
112,Thị trường,880
141,Ô tô xe máy,881
101,Xã hội,882
146,Làm đẹp,883
136,Nuôi con,884
136,Nuôi con,885
115,Bất động sản,886
111,Bên lề Thể thao,887
105,Âm nhạc,888
111,Bên lề Thể thao,889
126,Khoa học,890
136,Nuôi con,891
126,Khoa học,892
104,Nóng trên mạng,893
101,Xã hội,894
104,Nóng trên mạng,895
111,Bên lề Thể thao,896
123,Thiết bị di động,897
109,Bóng đá,898
146,Làm đẹp,899
115,Bất động sản,900
143,Chuyện Lạ,901
107,Showbiz Việt,902
102,Thế giới,903
107,Showbiz Việt,904
144,Hài hước,905
131,Gương mặt trẻ nổi bật,906
102,Thế giới,907
102,Thế giới,908
101,Xã hội,909
143,Chuyện Lạ,910
109,Bóng đá,911
107,Showbiz Việt,912
125,Game,913
101,Xã hội,914
112,Thị trường,915
101,Xã hội,916
137,Ẩm thực,917
115,Bất động sản,918
101,Xã hội,919
143,Chuyện Lạ,920
126,Khoa học,921
102,Thế giới,922
139,Nhà đẹp,923
143,Chuyện Lạ,924
143,Chuyện Lạ,925
131,Gương mặt trẻ nổi bật,926
143,Chuyện Lạ,927
101,Xã hội,928
109,Bóng đá,929
112,Thị trường,930
119,An ninh trật tự,931
113,Tài chính - ngân hàng,932
115,Bất động sản,933
145,Quizz - Tử vi,934
133,Các bệnh thường gặp,935
102,Thế giới,936
138,Du lịch,937
109,Bóng đá,938
109,Bóng đá,939
102,Thế giới,940
146,Làm đẹp,941
102,Thế giới,942
112,Thị trường,943
103,Tình yêu,944
109,Bóng đá,945
109,Bóng đá,946
119,An ninh trật tự,947
125,Game,948
106,Điện ảnh,949
115,Bất động sản,950
143,Chuyện Lạ,951
142,Quân sự,952
102,Thế giới,953
109,Bóng đá,954
109,Bóng đá,955
102,Thế giới,956
102,Thế giới,957
109,Bóng đá,958
101,Xã hội,959
145,Quizz - Tử vi,960
102,Thế giới,961
143,Chuyện Lạ,962
113,Tài chính - ngân hàng,963
112,Thị trường,964
119,An ninh trật tự,965
143,Chuyện Lạ,966
143,Chuyện Lạ,967
106,Điện ảnh,968
112,Thị trường,969
127,Lịch sử,970
112,Thị trường,971
131,Gương mặt trẻ nổi bật,972
148,Mặc đẹp,973
132,Dinh dưỡng,974
120,Hồ sơ vụ án,975
101,Xã hội,976
127,Lịch sử,977
143,Chuyện Lạ,978
101,Xã hội,979
126,Khoa học,980
132,Dinh dưỡng,981
144,Hài hước,982
143,Chuyện Lạ,983
143,Chuyện Lạ,984
109,Bóng đá,985
111,Bên lề Thể thao,986
102,Thế giới,987
102,Thế giới,988
143,Chuyện Lạ,989
113,Tài chính - ngân hàng,990
105,Âm nhạc,991
139,Nhà đẹp,992
114,Chứng khoán,993
131,Gương mặt trẻ nổi bật,994
113,Tài chính - ngân hàng,995
111,Bên lề Thể thao,996
101,Xã hội,997
145,Quizz - Tử vi,998
107,Showbiz Việt,999
141,Ô tô xe máy,1000
101,Xã hội,1001
126,Khoa học,1002
103,Tình yêu,1003
130,Học ngoại ngữ,1004
106,Điện ảnh,1005
115,Bất động sản,1006
101,Xã hội,1007
148,Mặc đẹp,1008
105,Âm nhạc,1009
141,Ô tô xe máy,1010
101,Xã hội,1011
106,Điện ảnh,1012
143,Chuyện Lạ,1013
139,Nhà đẹp,1014
138,Du lịch,1015
125,Game,1016
110,Quần Vợt,1017
116,Thế giới doanh nhân,1018
111,Bên lề Thể thao,1019
129,Du học,1020
109,Bóng đá,1021
126,Khoa học,1022
139,Nhà đẹp,1023
144,Hài hước,1024
129,Du học,1025
102,Thế giới,1026
126,Khoa học,1027
143,Chuyện Lạ,1028
149,Tin thời trang,1029
143,Chuyện Lạ,1030
102,Thế giới,1031
109,Bóng đá,1032
148,Mặc đẹp,1033
111,Bên lề Thể thao,1034
115,Bất động sản,1035
119,An ninh trật tự,1036
114,Chứng khoán,1037
138,Du lịch,1038
107,Showbiz Việt,1039
101,Xã hội,1040
124,Viễn thông - internet,1041
101,Xã hội,1042
132,Dinh dưỡng,1043
121,Tư vấn luật,1044
101,Xã hội,1045
111,Bên lề Thể thao,1046
104,Nóng trên mạng,1047
123,Thiết bị di động,1048
101,Xã hội,1049
123,Thiết bị di động,1050
112,Thị trường,1051
133,Các bệnh thường gặp,1052
133,Các bệnh thường gặp,1053
143,Chuyện Lạ,1054
129,Du học,1055
142,Quân sự,1056
142,Quân sự,1057
101,Xã hội,1058
107,Showbiz Việt,1059
113,Tài chính - ngân hàng,1060
120,Hồ sơ vụ án,1061
142,Quân sự,1062
143,Chuyện Lạ,1063
129,Du học,1064
143,Chuyện Lạ,1065
111,Bên lề Thể thao,1066
101,Xã hội,1067
112,Thị trường,1068
149,Tin thời trang,1069
102,Thế giới,1070
112,Thị trường,1071
145,Quizz - Tử vi,1072
116,Thế giới doanh nhân,1073
105,Âm nhạc,1074
143,Chuyện Lạ,1075
101,Xã hội,1076
101,Xã hội,1077
105,Âm nhạc,1078
145,Quizz - Tử vi,1079
137,Ẩm thực,1080
102,Thế giới,1081
109,Bóng đá,1082
101,Xã hội,1083
117,Câu chuyện doanh nghiệp,1084
102,Thế giới,1085
126,Khoa học,1086
106,Điện ảnh,1087
113,Tài chính - ngân hàng,1088
114,Chứng khoán,1089
114,Chứng khoán,1090
105,Âm nhạc,1091
117,Câu chuyện doanh nghiệp,1092
102,Thế giới,1093
143,Chuyện Lạ,1094
107,Showbiz Việt,1095
106,Điện ảnh,1096
116,Thế giới doanh nhân,1097
101,Xã hội,1098
109,Bóng đá,1099
115,Bất động sản,1100
141,Ô tô xe máy,1101
146,Làm đẹp,1102
131,Gương mặt trẻ nổi bật,1103
101,Xã hội,1104
143,Chuyện Lạ,1105
120,Hồ sơ vụ án,1106
141,Ô tô xe máy,1107
104,Nóng trên mạng,1108
121,Tư vấn luật,1109
101,Xã hội,1110
109,Bóng đá,1111
131,Gương mặt trẻ nổi bật,1112
109,Bóng đá,1113
125,Game,1114
101,Xã hội,1115
143,Chuyện Lạ,1116
116,Thế giới doanh nhân,1117
143,Chuyện Lạ,1118
109,Bóng đá,1119
144,Hài hước,1120
106,Điện ảnh,1121
113,Tài chính - ngân hàng,1122
105,Âm nhạc,1123
125,Game,1124
102,Thế giới,1125
144,Hài hước,1126
149,Tin thời trang,1127
115,Bất động sản,1128
103,Tình yêu,1129
102,Thế giới,1130
109,Bóng đá,1131
146,Làm đẹp,1132
136,Nuôi con,1133
137,Ẩm thực,1134
143,Chuyện Lạ,1135
143,Chuyện Lạ,1136
109,Bóng đá,1137
143,Chuyện Lạ,1138
101,Xã hội,1139
137,Ẩm thực,1140
115,Bất động sản,1141
139,Nhà đẹp,1142
115,Bất động sản,1143
143,Chuyện Lạ,1144
143,Chuyện Lạ,1145
126,Khoa học,1146
109,Bóng đá,1147
103,Tình yêu,1148
101,Xã hội,1149
133,Các bệnh thường gặp,1150
142,Quân sự,1151
101,Xã hội,1152
144,Hài hước,1153
141,Ô tô xe máy,1154
123,Thiết bị di động,1155
145,Quizz - Tử vi,1156
101,Xã hội,1157
127,Lịch sử,1158
107,Showbiz Việt,1159
107,Showbiz Việt,1160
109,Bóng đá,1161
101,Xã hội,1162
138,Du lịch,1163
114,Chứng khoán,1164
101,Xã hội,1165
101,Xã hội,1166
101,Xã hội,1167
102,Thế giới,1168
113,Tài chính - ngân hàng,1169
112,Thị trường,1170
112,Thị trường,1171
109,Bóng đá,1172
101,Xã hội,1173
115,Bất động sản,1174
145,Quizz - Tử vi,1175
112,Thị trường,1176
115,Bất động sản,1177
109,Bóng đá,1178
107,Showbiz Việt,1179
146,Làm đẹp,1180
141,Ô tô xe máy,1181
127,Lịch sử,1182
101,Xã hội,1183
102,Thế giới,1184
131,Gương mặt trẻ nổi bật,1185
107,Showbiz Việt,1186
125,Game,1187
138,Du lịch,1188
136,Nuôi con,1189
111,Bên lề Thể thao,1190
107,Showbiz Việt,1191
101,Xã hội,1192
125,Game,1193
137,Ẩm thực,1194
101,Xã hội,1195
109,Bóng đá,1196
102,Thế giới,1197
139,Nhà đẹp,1198
101,Xã hội,1199
109,Bóng đá,1200
109,Bóng đá,1201
129,Du học,1202
143,Chuyện Lạ,1203
106,Điện ảnh,1204
139,Nhà đẹp,1205
133,Các bệnh thường gặp,1206
141,Ô tô xe máy,1207
119,An ninh trật tự,1208
101,Xã hội,1209
112,Thị trường,1210
109,Bóng đá,1211
103,Tình yêu,1212
101,Xã hội,1213
111,Bên lề Thể thao,1214
101,Xã hội,1215
142,Quân sự,1216
139,Nhà đẹp,1217
129,Du học,1218
143,Chuyện Lạ,1219
119,An ninh trật tự,1220
144,Hài hước,1221
101,Xã hội,1222
102,Thế giới,1223
109,Bóng đá,1224
101,Xã hội,1225
127,Lịch sử,1226
119,An ninh trật tự,1227
109,Bóng đá,1228
109,Bóng đá,1229
112,Thị trường,1230
143,Chuyện Lạ,1231
111,Bên lề Thể thao,1232
120,Hồ sơ vụ án,1233
145,Quizz - Tử vi,1234
106,Điện ảnh,1235
126,Khoa học,1236
145,Quizz - Tử vi,1237
143,Chuyện Lạ,1238
123,Thiết bị di động,1239
115,Bất động sản,1240
113,Tài chính - ngân hàng,1241
101,Xã hội,1242
102,Thế giới,1243
146,Làm đẹp,1244
136,Nuôi con,1245
136,Nuôi con,1246
111,Bên lề Thể thao,1247
102,Thế giới,1248
105,Âm nhạc,1249
126,Khoa học,1250
101,Xã hội,1251
114,Chứng khoán,1252
104,Nóng trên mạng,1253
111,Bên lề Thể thao,1254
115,Bất động sản,1255
109,Bóng đá,1256
146,Làm đẹp,1257
115,Bất động sản,1258
143,Chuyện Lạ,1259
102,Thế giới,1260
119,An ninh trật tự,1261
144,Hài hước,1262
102,Thế giới,1263
102,Thế giới,1264
133,Các bệnh thường gặp,1265
101,Xã hội,1266
112,Thị trường,1267
101,Xã hội,1268
143,Chuyện Lạ,1269
115,Bất động sản,1270
102,Thế giới,1271
139,Nhà đẹp,1272
143,Chuyện Lạ,1273
143,Chuyện Lạ,1274
131,Gương mặt trẻ nổi bật,1275
101,Xã hội,1276
142,Quân sự,1277
119,An ninh trật tự,1278
113,Tài chính - ngân hàng,1279
113,Tài chính - ngân hàng,1280
102,Thế giới,1281
102,Thế giới,1282
