105,Âm nhạc,671
141,Ô tô xe máy,672
101,Xã hội,673
143,Chuyện Lạ,674
138,Du lịch,675
125,Game,676
110,Quần Vợt,677
129,Du học,678
109,Bóng đá,679
126,Khoa học,680
139,Nhà đẹp,681
144,Hài hước,682
129,Du học,683
102,Thế giới,684
143,Chuyện Lạ,685
149,Tin thời trang,686
102,Thế giới,687
109,Bóng đá,688
111,Bên lề Thể thao,689
138,Du lịch,690
124,Viễn thông - internet,691
101,Xã hội,692
132,Dinh dưỡng,693
101,Xã hội,694
104,Nóng trên mạng,695
123,Thiết bị di động,696
101,Xã hội,697
123,Thiết bị di động,698
133,Các bệnh thường gặp,699
133,Các bệnh thường gặp,700
143,Chuyện Lạ,701
129,Du học,702
142,Quân sự,703
101,Xã hội,704
143,Chuyện Lạ,705
129,Du học,706
143,Chuyện Lạ,707
111,Bên lề Thể thao,708
101,Xã hội,709
112,Thị trường,710
145,Quizz - Tử vi,711
105,Âm nhạc,712
143,Chuyện Lạ,713
101,Xã hội,714
101,Xã hội,715
105,Âm nhạc,716
137,Ẩm thực,717
102,Thế giới,718
109,Bóng đá,719
117,Câu chuyện doanh nghiệp,720
102,Thế giới,721
106,Điện ảnh,722
113,Tài chính - ngân hàng,723
114,Chứng khoán,724
114,Chứng khoán,725
117,Câu chuyện doanh nghiệp,726
102,Thế giới,727
106,Điện ảnh,728
116,Thế giới doanh nhân,729
101,Xã hội,730
109,Bóng đá,731
146,Làm đẹp,732
131,Gương mặt trẻ nổi bật,733
101,Xã hội,734
143,Chuyện Lạ,735
141,Ô tô xe máy,736
104,Nóng trên mạng,737
121,Tư vấn luật,738
101,Xã hội,739
131,Gương mặt trẻ nổi bật,740
109,Bóng đá,741
101,Xã hội,742
143,Chuyện Lạ,743
116,Thế giới doanh nhân,744
143,Chuyện Lạ,745
109,Bóng đá,746
144,Hài hước,747
106,Điện ảnh,748
113,Tài chính - ngân hàng,749
105,Âm nhạc,750
125,Game,751
102,Thế giới,752
149,Tin thời trang,753
115,Bất động sản,754
103,Tình yêu,755
109,Bóng đá,756
136,Nuôi con,757
143,Chuyện Lạ,758
101,Xã hội,759
115,Bất động sản,760
139,Nhà đẹp,761
115,Bất động sản,762
143,Chuyện Lạ,763
126,Khoa học,764
109,Bóng đá,765
133,Các bệnh thường gặp,766
142,Quân sự,767
144,Hài hước,768
123,Thiết bị di động,769
145,Quizz - Tử vi,770
101,Xã hội,771
107,Showbiz Việt,772
109,Bóng đá,773
138,Du lịch,774
114,Chứng khoán,775
101,Xã hội,776
101,Xã hội,777
102,Thế giới,778
113,Tài chính - ngân hàng,779
112,Thị trường,780
112,Thị trường,781
109,Bóng đá,782
101,Xã hội,783
115,Bất động sản,784
114,Chứng khoán,785
101,Xã hội,786
102,Thế giới,787
145,Quizz - Tử vi,788
112,Thị trường,789
109,Bóng đá,790
107,Showbiz Việt,791
123,Thiết bị di động,792
109,Bóng đá,793
107,Showbiz Việt,794
146,Làm đẹp,795
141,Ô tô xe máy,796
146,Làm đẹp,797
127,Lịch sử,798
101,Xã hội,799
102,Thế giới,800
131,Gương mặt trẻ nổi bật,801
107,Showbiz Việt,802
125,Game,803
112,Thị trường,804
136,Nuôi con,805
111,Bên lề Thể thao,806
145,Quizz - Tử vi,807
143,Chuyện Lạ,808
125,Game,809
137,Ẩm thực,810
101,Xã hội,811
101,Xã hội,812
109,Bóng đá,813
112,Thị trường,814
102,Thế giới,815
109,Bóng đá,816
109,Bóng đá,817
139,Nhà đẹp,818
109,Bóng đá,819
143,Chuyện Lạ,820
101,Xã hội,821
145,Quizz - Tử vi,822
115,Bất động sản,823
102,Thế giới,824
106,Điện ảnh,825
101,Xã hội,826
106,Điện ảnh,827
143,Chuyện Lạ,828
139,Nhà đẹp,829
117,Câu chuyện doanh nghiệp,830
125,Game,831
141,Ô tô xe máy,832
138,Du lịch,833
120,Hồ sơ vụ án,834
143,Chuyện Lạ,835
103,Tình yêu,836
102,Thế giới,837
124,Viễn thông - internet,838
119,An ninh trật tự,839
102,Thế giới,840
112,Thị trường,841
101,Xã hội,842
125,Game,843
112,Thị trường,844
103,Tình yêu,845
111,Bên lề Thể thao,846
101,Xã hội,847
139,Nhà đẹp,848
141,Ô tô xe máy,849
143,Chuyện Lạ,850
129,Du học,851
144,Hài hước,852
144,Hài hước,853
101,Xã hội,854
115,Bất động sản,855
109,Bóng đá,856
101,Xã hội,857
119,An ninh trật tự,858
109,Bóng đá,859
109,Bóng đá,860
107,Showbiz Việt,861
112,Thị trường,862
118,Hình sự,863
149,Tin thời trang,864
105,Âm nhạc,865
111,Bên lề Thể thao,866
120,Hồ sơ vụ án,867
146,Làm đẹp,868
111,Bên lề Thể thao,869
101,Xã hội,870
145,Quizz - Tử vi,871
145,Quizz - Tử vi,872
106,Điện ảnh,873
112,Thị trường,874
145,Quizz - Tử vi,875
101,Xã hội,876
123,Thiết bị di động,877
115,Bất động sản,878
113,Tài chính - ngân hàng,879
112,Thị trường,880
141,Ô tô xe máy,881
101,Xã hội,882
146,Làm đẹp,883
136,Nuôi con,884
136,Nuôi con,885
115,Bất động sản,886
111,Bên lề Thể thao,887
105,Âm nhạc,888
111,Bên lề Thể thao,889
126,Khoa học,890
136,Nuôi con,891
126,Khoa học,892
104,Nóng trên mạng,893
101,Xã hội,894
104,Nóng trên mạng,895
111,Bên lề Thể thao,896
123,Thiết bị di động,897
109,Bóng đá,898
146,Làm đẹp,899
115,Bất động sản,900
143,Chuyện Lạ,901
107,Showbiz Việt,902
102,Thế giới,903
107,Showbiz Việt,904
144,Hài hước,905
131,Gương mặt trẻ nổi bật,906
102,Thế giới,907
102,Thế giới,908
101,Xã hội,909
143,Chuyện Lạ,910
109,Bóng đá,911
107,Showbiz Việt,912
125,Game,913
101,Xã hội,914
112,Thị trường,915
101,Xã hội,916
137,Ẩm thực,917
115,Bất động sản,918
101,Xã hội,919
143,Chuyện Lạ,920
126,Khoa học,921
102,Thế giới,922
139,Nhà đẹp,923
143,Chuyện Lạ,924
143,Chuyện Lạ,925
131,Gương mặt trẻ nổi bật,926
143,Chuyện Lạ,927
101,Xã hội,928
109,Bóng đá,929
112,Thị trường,930
119,An ninh trật tự,931
113,Tài chính - ngân hàng,932
115,Bất động sản,933
145,Quizz - Tử vi,934
133,Các bệnh thường gặp,935
102,Thế giới,936
138,Du lịch,937
109,Bóng đá,938
109,Bóng đá,939
102,Thế giới,940
146,Làm đẹp,941
102,Thế giới,942
112,Thị trường,943
103,Tình yêu,944
109,Bóng đá,945
109,Bóng đá,946
119,An ninh trật tự,947
125,Game,948
106,Điện ảnh,949
115,Bất động sản,950
143,Chuyện Lạ,951
142,Quân sự,952
102,Thế giới,953
109,Bóng đá,954
109,Bóng đá,955
102,Thế giới,956
102,Thế giới,957
109,Bóng đá,958
101,Xã hội,959
145,Quizz - Tử vi,960
102,Thế giới,961
143,Chuyện Lạ,962
113,Tài chính - ngân hàng,963
112,Thị trường,964
119,An ninh trật tự,965
143,Chuyện Lạ,966
143,Chuyện Lạ,967
106,Điện ảnh,968
112,Thị trường,969
127,Lịch sử,970
112,Thị trường,971
131,Gương mặt trẻ nổi bật,972
148,Mặc đẹp,973
132,Dinh dưỡng,974
120,Hồ sơ vụ án,975
101,Xã hội,976
127,Lịch sử,977
143,Chuyện Lạ,978
101,Xã hội,979
126,Khoa học,980
132,Dinh dưỡng,981
144,Hài hước,982
143,Chuyện Lạ,983
143,Chuyện Lạ,984
109,Bóng đá,985
111,Bên lề Thể thao,986
102,Thế giới,987
102,Thế giới,988
143,Chuyện Lạ,989
113,Tài chính - ngân hàng,990
105,Âm nhạc,991
139,Nhà đẹp,992
114,Chứng khoán,993
131,Gương mặt trẻ nổi bật,994
113,Tài chính - ngân hàng,995
111,Bên lề Thể thao,996
101,Xã hội,997
145,Quizz - Tử vi,998
107,Showbiz Việt,999
141,Ô tô xe máy,1000
101,Xã hội,1001
126,Khoa học,1002
103,Tình yêu,1003
130,Học ngoại ngữ,1004
106,Điện ảnh,1005
115,Bất động sản,1006
