101,Xã hội,2372
115,Bất động sản,2373
145,Quizz - Tử vi,2374
115,Bất động sản,2375
109,Bóng đá,2376
146,Làm đẹp,2377
141,Ô tô xe máy,2378
127,Lịch sử,2379
101,Xã hội,2380
112,Thị trường,2381
131,Gương mặt trẻ nổi bật,2382
114,Chứng khoán,2383
138,Du lịch,2384
109,Bóng đá,2385
112,Thị trường,2386
136,Nuôi con,2387
101,Xã hội,2388
105,Âm nhạc,2389
114,Chứng khoán,2390
101,Xã hội,2391
137,Ẩm thực,2392
101,Xã hội,2393
109,Bóng đá,2394
102,Thế giới,2395
139,Nhà đẹp,2396
143,Chuyện Lạ,2397
119,An ninh trật tự,2398
136,Nuôi con,2399
139,Nhà đẹp,2400
126,Khoa học,2401
101,Xã hội,2402
142,Quân sự,2403
143,Chuyện Lạ,2404
109,Bóng đá,2405
123,Thiết bị di động,2406
102,Thế giới,2407
143,Chuyện Lạ,2408
112,Thị trường,2409
109,Bóng đá,2410
103,Tình yêu,2411
101,Xã hội,2412
144,Hài hước,2413
111,Bên lề Thể thao,2414
129,Du học,2415
101,Xã hội,2416
139,Nhà đẹp,2417
141,Ô tô xe máy,2418
129,Du học,2419
144,Hài hước,2420
143,Chuyện Lạ,2421
109,Bóng đá,2422
102,Thế giới,2423
127,Lịch sử,2424
109,Bóng đá,2425
103,Tình yêu,2426
133,Các bệnh thường gặp,2427
143,Chuyện Lạ,2428
107,Showbiz Việt,2429
111,Bên lề Thể thao,2430
112,Thị trường,2431
109,Bóng đá,2432
145,Quizz - Tử vi,2433
117,Câu chuyện doanh nghiệp,2434
106,Điện ảnh,2435
126,Khoa học,2436
104,Nóng trên mạng,2437
145,Quizz - Tử vi,2438
143,Chuyện Lạ,2439
115,Bất động sản,2440
101,Xã hội,2441
139,Nhà đẹp,2442
123,Thiết bị di động,2443
102,Thế giới,2444
101,Xã hội,2445
146,Làm đẹp,2446
136,Nuôi con,2447
102,Thế giới,2448
105,Âm nhạc,2449
107,Showbiz Việt,2450
126,Khoa học,2451
121,Tư vấn luật,2452
101,Xã hội,2453
104,Nóng trên mạng,2454
149,Tin thời trang,2455
146,Làm đẹp,2456
143,Chuyện Lạ,2457
102,Thế giới,2458
101,Xã hội,2459
119,An ninh trật tự,2460
119,An ninh trật tự,2461
102,Thế giới,2462
115,Bất động sản,2463
141,Ô tô xe máy,2464
132,Dinh dưỡng,2465
133,Các bệnh thường gặp,2466
101,Xã hội,2467
113,Tài chính - ngân hàng,2468
112,Thị trường,2469
101,Xã hội,2470
143,Chuyện Lạ,2471
113,Tài chính - ngân hàng,2472
143,Chuyện Lạ,2473
131,Gương mặt trẻ nổi bật,2474
107,Showbiz Việt,2475
102,Thế giới,2476
101,Xã hội,2477
119,An ninh trật tự,2478
119,An ninh trật tự,2479
138,Du lịch,2480
113,Tài chính - ngân hàng,2481
109,Bóng đá,2482
107,Showbiz Việt,2483
146,Làm đẹp,2484
102,Thế giới,2485
109,Bóng đá,2486
101,Xã hội,2487
112,Thị trường,2488
109,Bóng đá,2489
119,An ninh trật tự,2490
146,Làm đẹp,2491
142,Quân sự,2492
106,Điện ảnh,2493
103,Tình yêu,2494
114,Chứng khoán,2495
149,Tin thời trang,2496
111,Bên lề Thể thao,2497
109,Bóng đá,2498
107,Showbiz Việt,2499
123,Thiết bị di động,2500
113,Tài chính - ngân hàng,2501
125,Game,2502
134,Đột phá y học,2503
111,Bên lề Thể thao,2504
119,An ninh trật tự,2505
142,Quân sự,2506
143,Chuyện Lạ,2507
127,Lịch sử,2508
107,Showbiz Việt,2509
139,Nhà đẹp,2510
102,Thế giới,2511
115,Bất động sản,2512
143,Chuyện Lạ,2513
112,Thị trường,2514
141,Ô tô xe máy,2515
143,Chuyện Lạ,2516
101,Xã hội,2517
112,Thị trường,2518
111,Bên lề Thể thao,2519
131,Gương mặt trẻ nổi bật,2520
105,Âm nhạc,2521
122,PC/đồ chơi số,2522
115,Bất động sản,2523
102,Thế giới,2524
106,Điện ảnh,2525
101,Xã hội,2526
101,Xã hội,2527
113,Tài chính - ngân hàng,2528
115,Bất động sản,2529
115,Bất động sản,2530
117,Câu chuyện doanh nghiệp,2531
125,Game,2532
138,Du lịch,2533
148,Mặc đẹp,2534
139,Nhà đẹp,2535
149,Tin thời trang,2536
102,Thế giới,2537
113,Tài chính - ngân hàng,2538
102,Thế giới,2539
112,Thị trường,2540
105,Âm nhạc,2541
101,Xã hội,2542
112,Thị trường,2543
143,Chuyện Lạ,2544
133,Các bệnh thường gặp,2545
143,Chuyện Lạ,2546
112,Thị trường,2547
144,Hài hước,2548
119,An ninh trật tự,2549
102,Thế giới,2550
143,Chuyện Lạ,2551
143,Chuyện Lạ,2552
123,Thiết bị di động,2553
107,Showbiz Việt,2554
141,Ô tô xe máy,2555
118,Hình sự,2556
105,Âm nhạc,2557
109,Bóng đá,2558
111,Bên lề Thể thao,2559
101,Xã hội,2560
102,Thế giới,2561
145,Quizz - Tử vi,2562
117,Câu chuyện doanh nghiệp,2563
107,Showbiz Việt,2564
106,Điện ảnh,2565
115,Bất động sản,2566
112,Thị trường,2567
141,Ô tô xe máy,2568
101,Xã hội,2569
115,Bất động sản,2570
111,Bên lề Thể thao,2571
119,An ninh trật tự,2572
143,Chuyện Lạ,2573
103,Tình yêu,2574
102,Thế giới,2575
136,Nuôi con,2576
104,Nóng trên mạng,2577
108,Sao quốc tế,2578
109,Bóng đá,2579
102,Thế giới,2580
122,PC/đồ chơi số,2581
107,Showbiz Việt,2582
143,Chuyện Lạ,2583
107,Showbiz Việt,2584
102,Thế giới,2585
101,Xã hội,2586
101,Xã hội,2587
143,Chuyện Lạ,2588
109,Bóng đá,2589
107,Showbiz Việt,2590
125,Game,2591
107,Showbiz Việt,2592
102,Thế giới,2593
113,Tài chính - ngân hàng,2594
101,Xã hội,2595
101,Xã hội,2596
101,Xã hội,2597
143,Chuyện Lạ,2598
115,Bất động sản,2599
143,Chuyện Lạ,2600
142,Quân sự,2601
101,Xã hội,2602
107,Showbiz Việt,2603
107,Showbiz Việt,2604
138,Du lịch,2605
101,Xã hội,2606
113,Tài chính - ngân hàng,2607
133,Các bệnh thường gặp,2608
111,Bên lề Thể thao,2609
118,Hình sự,2610
138,Du lịch,2611
109,Bóng đá,2612
146,Làm đẹp,2613
103,Tình yêu,2614
103,Tình yêu,2615
109,Bóng đá,2616
115,Bất động sản,2617
133,Các bệnh thường gặp,2618
109,Bóng đá,2619
129,Du học,2620
125,Game,2621
102,Thế giới,2622
146,Làm đẹp,2623
117,Câu chuyện doanh nghiệp,2624
109,Bóng đá,2625
125,Game,2626
102,Thế giới,2627
139,Nhà đẹp,2628
143,Chuyện Lạ,2629
119,An ninh trật tự,2630
136,Nuôi con,2631
139,Nhà đẹp,2632
126,Khoa học,2633
101,Xã hội,2634
142,Quân sự,2635
104,Nóng trên mạng,2636
143,Chuyện Lạ,2637
109,Bóng đá,2638
123,Thiết bị di động,2639
142,Quân sự,2640
102,Thế giới,2641
143,Chuyện Lạ,2642
112,Thị trường,2643
109,Bóng đá,2644
109,Bóng đá,2645
103,Tình yêu,2646
101,Xã hội,2647
144,Hài hước,2648
111,Bên lề Thể thao,2649
129,Du học,2650
101,Xã hội,2651
115,Bất động sản,2652
139,Nhà đẹp,2653
137,Ẩm thực,2654
141,Ô tô xe máy,2655
119,An ninh trật tự,2656
129,Du học,2657
144,Hài hước,2658
143,Chuyện Lạ,2659
143,Chuyện Lạ,2660
109,Bóng đá,2661
111,Bên lề Thể thao,2662
102,Thế giới,2663
127,Lịch sử,2664
109,Bóng đá,2665
103,Tình yêu,2666
133,Các bệnh thường gặp,2667
143,Chuyện Lạ,2668
107,Showbiz Việt,2669
142,Quân sự,2670
111,Bên lề Thể thao,2671
112,Thị trường,2672
109,Bóng đá,2673
145,Quizz - Tử vi,2674
117,Câu chuyện doanh nghiệp,2675
106,Điện ảnh,2676
126,Khoa học,2677
104,Nóng trên mạng,2678
145,Quizz - Tử vi,2679
143,Chuyện Lạ,2680
115,Bất động sản,2681
101,Xã hội,2682
139,Nhà đẹp,2683
123,Thiết bị di động,2684
102,Thế giới,2685
101,Xã hội,2686
146,Làm đẹp,2687
136,Nuôi con,2688
102,Thế giới,2689
105,Âm nhạc,2690
107,Showbiz Việt,2691
126,Khoa học,2692
121,Tư vấn luật,2693
101,Xã hội,2694
104,Nóng trên mạng,2695
149,Tin thời trang,2696
107,Showbiz Việt,2697
146,Làm đẹp,2698
143,Chuyện Lạ,2699
141,Ô tô xe máy,2700
102,Thế giới,2701
101,Xã hội,2702
119,An ninh trật tự,2703
119,An ninh trật tự,2704
129,Du học,2705
102,Thế giới,2706
115,Bất động sản,2707
141,Ô tô xe máy,2708
145,Quizz - Tử vi,2709
132,Dinh dưỡng,2710
133,Các bệnh thường gặp,2711
101,Xã hội,2712
113,Tài chính - ngân hàng,2713
112,Thị trường,2714
101,Xã hội,2715
143,Chuyện Lạ,2716
113,Tài chính - ngân hàng,2717
143,Chuyện Lạ,2718
131,Gương mặt trẻ nổi bật,2719
107,Showbiz Việt,2720
102,Thế giới,2721
101,Xã hội,2722
119,An ninh trật tự,2723
119,An ninh trật tự,2724
138,Du lịch,2725
113,Tài chính - ngân hàng,2726
109,Bóng đá,2727
107,Showbiz Việt,2728
146,Làm đẹp,2729
101,Xã hội,2730
104,Nóng trên mạng,2731
102,Thế giới,2732
109,Bóng đá,2733
101,Xã hội,2734
112,Thị trường,2735
109,Bóng đá,2736
119,An ninh trật tự,2737
146,Làm đẹp,2738
142,Quân sự,2739
106,Điện ảnh,2740
103,Tình yêu,2741
114,Chứng khoán,2742
143,Chuyện Lạ,2743
149,Tin thời trang,2744
111,Bên lề Thể thao,2745
109,Bóng đá,2746
107,Showbiz Việt,2747
123,Thiết bị di động,2748
113,Tài chính - ngân hàng,2749
107,Showbiz Việt,2750
125,Game,2751
134,Đột phá y học,2752
111,Bên lề Thể thao,2753
119,An ninh trật tự,2754
142,Quân sự,2755
143,Chuyện Lạ,2756
127,Lịch sử,2757
139,Nhà đẹp,2758
107,Showbiz Việt,2759
139,Nhà đẹp,2760
102,Thế giới,2761
115,Bất động sản,2762
143,Chuyện Lạ,2763
112,Thị trường,2764
141,Ô tô xe máy,2765
133,Các bệnh thường gặp,2766
111,Bên lề Thể thao,2767
143,Chuyện Lạ,2768
115,Bất động sản,2769
101,Xã hội,2770
112,Thị trường,2771
111,Bên lề Thể thao,2772
131,Gương mặt trẻ nổi bật,2773
124,Viễn thông - internet,2774
105,Âm nhạc,2775
143,Chuyện Lạ,2776
122,PC/đồ chơi số,2777
119,An ninh trật tự,2778
115,Bất động sản,2779
102,Thế giới,2780
106,Điện ảnh,2781
101,Xã hội,2782
101,Xã hội,2783
113,Tài chính - ngân hàng,2784
115,Bất động sản,2785
115,Bất động sản,2786
117,Câu chuyện doanh nghiệp,2787
125,Game,2788
138,Du lịch,2789
148,Mặc đẹp,2790
139,Nhà đẹp,2791
149,Tin thời trang,2792
102,Thế giới,2793
113,Tài chính - ngân hàng,2794
102,Thế giới,2795
112,Thị trường,2796
119,An ninh trật tự,2797
105,Âm nhạc,2798
101,Xã hội,2799
112,Thị trường,2800
119,An ninh trật tự,2801
143,Chuyện Lạ,2802
133,Các bệnh thường gặp,2803
143,Chuyện Lạ,2804
112,Thị trường,2805
144,Hài hước,2806
119,An ninh trật tự,2807
102,Thế giới,2808
143,Chuyện Lạ,2809
143,Chuyện Lạ,2810
123,Thiết bị di động,2811
107,Showbiz Việt,2812
141,Ô tô xe máy,2813
118,Hình sự,2814
105,Âm nhạc,2815
109,Bóng đá,2816
111,Bên lề Thể thao,2817
101,Xã hội,2818
102,Thế giới,2819
145,Quizz - Tử vi,2820
117,Câu chuyện doanh nghiệp,2821
107,Showbiz Việt,2822
106,Điện ảnh,2823
115,Bất động sản,2824
112,Thị trường,2825
141,Ô tô xe máy,2826
102,Thế giới,2827
101,Xã hội,2828
115,Bất động sản,2829
111,Bên lề Thể thao,2830
119,An ninh trật tự,2831
143,Chuyện Lạ,2832
103,Tình yêu,2833
102,Thế giới,2834
136,Nuôi con,2835
104,Nóng trên mạng,2836
108,Sao quốc tế,2837
109,Bóng đá,2838
102,Thế giới,2839
122,PC/đồ chơi số,2840
107,Showbiz Việt,2841
143,Chuyện Lạ,2842
107,Showbiz Việt,2843
102,Thế giới,2844
132,Dinh dưỡng,2845
101,Xã hội,2846
114,Chứng khoán,2847
101,Xã hội,2848
143,Chuyện Lạ,2849
109,Bóng đá,2850
107,Showbiz Việt,2851
125,Game,2852
136,Nuôi con,2853
107,Showbiz Việt,2854
102,Thế giới,2855
113,Tài chính - ngân hàng,2856
101,Xã hội,2857
101,Xã hội,2858
101,Xã hội,2859
143,Chuyện Lạ,2860
115,Bất động sản,2861
143,Chuyện Lạ,2862
142,Quân sự,2863
101,Xã hội,2864
107,Showbiz Việt,2865
107,Showbiz Việt,2866
138,Du lịch,2867
101,Xã hội,2868
113,Tài chính - ngân hàng,2869
133,Các bệnh thường gặp,2870
111,Bên lề Thể thao,2871
118,Hình sự,2872
138,Du lịch,2873
109,Bóng đá,2874
146,Làm đẹp,2875
103,Tình yêu,2876
103,Tình yêu,2877
129,Du học,2878
109,Bóng đá,2879
115,Bất động sản,2880
133,Các bệnh thường gặp,2881
109,Bóng đá,2882
129,Du học,2883
125,Game,2884
102,Thế giới,2885
146,Làm đẹp,2886
117,Câu chuyện doanh nghiệp,2887
143,Chuyện Lạ,2888
133,Các bệnh thường gặp,2889
143,Chuyện Lạ,2890
112,Thị trường,2891
109,Bóng đá,2892
109,Bóng đá,2893
103,Tình yêu,2894
101,Xã hội,2895
144,Hài hước,2896
111,Bên lề Thể thao,2897
129,Du học,2898
101,Xã hội,2899
115,Bất động sản,2900
139,Nhà đẹp,2901
137,Ẩm thực,2902
141,Ô tô xe máy,2903
119,An ninh trật tự,2904
129,Du học,2905
144,Hài hước,2906
143,Chuyện Lạ,2907
143,Chuyện Lạ,2908
109,Bóng đá,2909
111,Bên lề Thể thao,2910
102,Thế giới,2911
127,Lịch sử,2912
109,Bóng đá,2913
103,Tình yêu,2914
133,Các bệnh thường gặp,2915
143,Chuyện Lạ,2916
109,Bóng đá,2917
107,Showbiz Việt,2918
142,Quân sự,2919
111,Bên lề Thể thao,2920
112,Thị trường,2921
109,Bóng đá,2922
145,Quizz - Tử vi,2923
102,Thế giới,2924
117,Câu chuyện doanh nghiệp,2925
106,Điện ảnh,2926
126,Khoa học,2927
104,Nóng trên mạng,2928
145,Quizz - Tử vi,2929
143,Chuyện Lạ,2930
115,Bất động sản,2931
101,Xã hội,2932
139,Nhà đẹp,2933
123,Thiết bị di động,2934
102,Thế giới,2935
101,Xã hội,2936
146,Làm đẹp,2937
136,Nuôi con,2938
139,Nhà đẹp,2939
102,Thế giới,2940
105,Âm nhạc,2941
107,Showbiz Việt,2942
143,Chuyện Lạ,2943
126,Khoa học,2944
121,Tư vấn luật,2945
101,Xã hội,2946
104,Nóng trên mạng,2947
149,Tin thời trang,2948
107,Showbiz Việt,2949
146,Làm đẹp,2950
143,Chuyện Lạ,2951
141,Ô tô xe máy,2952
103,Tình yêu,2953
102,Thế giới,2954
101,Xã hội,2955
119,An ninh trật tự,2956
119,An ninh trật tự,2957
144,Hài hước,2958
129,Du học,2959
102,Thế giới,2960
115,Bất động sản,2961
141,Ô tô xe máy,2962
145,Quizz - Tử vi,2963
132,Dinh dưỡng,2964
133,Các bệnh thường gặp,2965
101,Xã hội,2966
113,Tài chính - ngân hàng,2967
112,Thị trường,2968
101,Xã hội,2969
101,Xã hội,2970
143,Chuyện Lạ,2971
113,Tài chính - ngân hàng,2972
143,Chuyện Lạ,2973
131,Gương mặt trẻ nổi bật,2974
125,Game,2975
107,Showbiz Việt,2976
102,Thế giới,2977
101,Xã hội,2978
119,An ninh trật tự,2979
119,An ninh trật tự,2980
138,Du lịch,2981
113,Tài chính - ngân hàng,2982
109,Bóng đá,2983
107,Showbiz Việt,2984
146,Làm đẹp,2985
101,Xã hội,2986
104,Nóng trên mạng,2987
102,Thế giới,2988
109,Bóng đá,2989
101,Xã hội,2990
112,Thị trường,2991
109,Bóng đá,2992
119,An ninh trật tự,2993
146,Làm đẹp,2994
142,Quân sự,2995
143,Chuyện Lạ,2996
106,Điện ảnh,2997
103,Tình yêu,2998
102,Thế giới,2999
101,Xã hội,3000
114,Chứng khoán,3001
143,Chuyện Lạ,3002
149,Tin thời trang,3003
111,Bên lề Thể thao,3004
109,Bóng đá,3005
107,Showbiz Việt,3006
123,Thiết bị di động,3007
113,Tài chính - ngân hàng,3008
143,Chuyện Lạ,3009
107,Showbiz Việt,3010
125,Game,3011
134,Đột phá y học,3012
111,Bên lề Thể thao,3013
119,An ninh trật tự,3014
142,Quân sự,3015
102,Thế giới,3016
143,Chuyện Lạ,3017
127,Lịch sử,3018
139,Nhà đẹp,3019
107,Showbiz Việt,3020
139,Nhà đẹp,3021
102,Thế giới,3022
115,Bất động sản,3023
143,Chuyện Lạ,3024
112,Thị trường,3025
141,Ô tô xe máy,3026
133,Các bệnh thường gặp,3027
111,Bên lề Thể thao,3028
143,Chuyện Lạ,3029
115,Bất động sản,3030
101,Xã hội,3031
112,Thị trường,3032
111,Bên lề Thể thao,3033
131,Gương mặt trẻ nổi bật,3034
124,Viễn thông - internet,3035
105,Âm nhạc,3036
143,Chuyện Lạ,3037
143,Chuyện Lạ,3038
122,PC/đồ chơi số,3039
119,An ninh trật tự,3040
115,Bất động sản,3041
102,Thế giới,3042
106,Điện ảnh,3043
101,Xã hội,3044
101,Xã hội,3045
113,Tài chính - ngân hàng,3046
115,Bất động sản,3047
115,Bất động sản,3048
117,Câu chuyện doanh nghiệp,3049
125,Game,3050
138,Du lịch,3051
148,Mặc đẹp,3052
139,Nhà đẹp,3053
141,Ô tô xe máy,3054
149,Tin thời trang,3055
102,Thế giới,3056
113,Tài chính - ngân hàng,3057
102,Thế giới,3058
112,Thị trường,3059
119,An ninh trật tự,3060
105,Âm nhạc,3061
101,Xã hội,3062
112,Thị trường,3063
119,An ninh trật tự,3064
143,Chuyện Lạ,3065
133,Các bệnh thường gặp,3066
143,Chuyện Lạ,3067
112,Thị trường,3068
144,Hài hước,3069
119,An ninh trật tự,3070
102,Thế giới,3071
143,Chuyện Lạ,3072
143,Chuyện Lạ,3073
123,Thiết bị di động,3074
107,Showbiz Việt,3075
141,Ô tô xe máy,3076
118,Hình sự,3077
142,Quân sự,3078
105,Âm nhạc,3079
109,Bóng đá,3080
111,Bên lề Thể thao,3081
104,Nóng trên mạng,3082
101,Xã hội,3083
102,Thế giới,3084
145,Quizz - Tử vi,3085
117,Câu chuyện doanh nghiệp,3086
104,Nóng trên mạng,3087
102,Thế giới,3088
107,Showbiz Việt,3089
138,Du lịch,3090
106,Điện ảnh,3091
115,Bất động sản,3092
112,Thị trường,3093
141,Ô tô xe máy,3094
102,Thế giới,3095
101,Xã hội,3096
115,Bất động sản,3097
111,Bên lề Thể thao,3098
119,An ninh trật tự,3099
143,Chuyện Lạ,3100
103,Tình yêu,3101
102,Thế giới,3102
136,Nuôi con,3103
104,Nóng trên mạng,3104
108,Sao quốc tế,3105
109,Bóng đá,3106
119,An ninh trật tự,3107
109,Bóng đá,3108
102,Thế giới,3109
122,PC/đồ chơi số,3110
107,Showbiz Việt,3111
143,Chuyện Lạ,3112
107,Showbiz Việt,3113
102,Thế giới,3114
102,Thế giới,3115
132,Dinh dưỡng,3116
101,Xã hội,3117
114,Chứng khoán,3118
101,Xã hội,3119
143,Chuyện Lạ,3120
109,Bóng đá,3121
107,Showbiz Việt,3122
125,Game,3123
136,Nuôi con,3124
107,Showbiz Việt,3125
102,Thế giới,3126
113,Tài chính - ngân hàng,3127
101,Xã hội,3128
101,Xã hội,3129
143,Chuyện Lạ,3130
101,Xã hội,3131
143,Chuyện Lạ,3132
115,Bất động sản,3133
143,Chuyện Lạ,3134
142,Quân sự,3135
106,Điện ảnh,3136
101,Xã hội,3137
107,Showbiz Việt,3138
111,Bên lề Thể thao,3139
107,Showbiz Việt,3140
138,Du lịch,3141
101,Xã hội,3142
113,Tài chính - ngân hàng,3143
133,Các bệnh thường gặp,3144
111,Bên lề Thể thao,3145
118,Hình sự,3146
138,Du lịch,3147
109,Bóng đá,3148
146,Làm đẹp,3149
103,Tình yêu,3150
103,Tình yêu,3151
129,Du học,3152
109,Bóng đá,3153
115,Bất động sản,3154
133,Các bệnh thường gặp,3155
136,Nuôi con,3156
109,Bóng đá,3157
129,Du học,3158
125,Game,3159
102,Thế giới,3160
146,Làm đẹp,3161
142,Quân sự,3162
117,Câu chuyện doanh nghiệp,3163
